{
	"version": 2,
	"settings": {
		"border": {
			"color": true,
			"radius": true,
			"style": true,
			"width": true
		},
		"color": {
			"background": true,
			"text": true,
			"link": true,
			"custom": true,
			"customDuotone": true,
			"customGradient": true,
			"defaultGradients": true,
			"defaultPalette": true
		},
		"layout": {
			"contentSize": "900px",
			"wideSize": "1100px"
		},
		"typography": {
			"dropCap": true,
			"customFontSize": true,
			"letterSpacing": true,
			"lineHeight": true,
			"fontStyle": true,
			"fontWeight": true,
			"textTransform": true
		},
		"spacing": {
			"padding": true,
			"margin": true
		}
	}
}
